{"keyset":{"lweSecretKeys":[{"id":0,"params":{"lweDimension":538,"integerPrecision":64,"keyType":"binary"}}],"lweBootstrapKeys":[],"lweKeyswitchKeys":[],"packingKeyswitchKeys":[]},"circuits":[{"inputs":[{"rawInfo":{"shape":{"dimensions":[539]},"integerPrecision":64,"isSigned":false},"typeInfo":{"lweCiphertext":{"abstractShape":{"dimensions":[]},"concreteShape":{"dimensions":[539]},"integerPrecision":64,"encryption":{"keyId":0,"variance":1.939420334766874e-07,"lweDimension":538,"modulus":{"modulus":{"native":{}}}},"compression":"none","encoding":{"integer":{"width":7,"isSigned":false,"mode":{"native":{}}}}}}}],"outputs":[{"rawInfo":{"shape":{"dimensions":[539]},"integerPrecision":64,"isSigned":false},"typeInfo":{"lweCiphertext":{"abstractShape":{"dimensions":[]},"concreteShape":{"dimensions":[539]},"integerPrecision":64,"encryption":{"keyId":0,"variance":1.939420334766874e-07,"lweDimension":538,"modulus":{"modulus":{"native":{}}}},"compression":"none","encoding":{"integer":{"width":7,"isSigned":false,"mode":{"native":{}}}}}}}],"name":"encrypt_data"}]}