{
  "circuitFeedbacks": [
    {
      "crtDecompositionsOfOutputs": [
        []
      ],
      "memoryUsagePerLoc": {
        "loc(\"/mnt/c/Projets/Kayp_backend/src/main/resources/onChain/deploy.py\":6:0)": 4312
      },
      "name": "encrypt_data",
      "statistics": [],
      "totalInputsSize": 4312,
      "totalOutputsSize": 4312
    }
  ],
  "complexity": 538,
  "globalPError": 9.2070357939625206e-06,
  "pError": 9.2070357939625206e-06,
  "totalBootstrapKeysSize": 0,
  "totalKeyswitchKeysSize": 0,
  "totalSecretKeysSize": 4304
}